feature,test,statistic,p_value,drift_detected
sno,KS Test,0.6666666666666667,1.3307651839293897e-32,True
age,KS Test,0.2038943894389439,0.00316387530664769,True
trestbps,KS Test,0.18274247491638795,0.01088532109800127,True
chol,KS Test,0.17211920529801322,0.02019232961112696,True
thalach,KS Test,0.19147651006711414,0.006836125903312005,True
oldpeak,KS Test,0.3457755775577558,1.6988448212200785e-08,True
gender,Chi-Square,3.775514933462767,0.05200789053784079,False
cp,Chi-Square,32.74983254559138,3.63671879474557e-07,True
fbs,Chi-Square,65.61081420917483,5.493648706617536e-16,True
restecg,Chi-Square,4.881606638924762,0.08709086156952947,False
exang,Chi-Square,1.0703329667052022,0.30087024863098843,False
slope,Chi-Square,39.311266189504586,2.9084862074179942e-09,True
ca,Chi-Square,46.856151021688426,1.6338242501704422e-09,True
thal,Chi-Square,54.400235942086674,9.218352592634624e-12,True
