sno,age,gender,cp,trestbps,chol,fbs,restecg,thalach,exang,oldpeak,slope,ca,thal
1,68,0,3,158,174,0,0,116,1,0.6,0,2,1
2,58,1,1,135,203,0,0,106,1,3.4,1,3,1
3,44,0,2,118,207,1,0,145,1,2.6,2,1,3
4,72,1,3,166,216,1,1,112,0,3.9,0,2,3
5,37,1,0,118,253,0,1,139,0,2.6,0,2,1
6,50,1,2,119,173,0,0,141,1,4.3,1,1,2
7,68,0,1,170,263,0,0,108,1,2.8,2,2,2
8,48,0,0,151,181,1,0,149,0,2.8,2,0,2
9,52,0,0,132,235,1,0,126,1,4.4,1,0,2
10,40,0,0,139,276,1,1,165,0,2.0,1,1,1
11,40,1,2,138,279,1,1,104,0,0.7,2,3,3
12,53,0,1,100,166,0,0,128,0,0.1,0,3,2
13,65,0,0,110,253,1,0,136,0,3.8,2,1,1
14,69,0,3,156,286,1,1,137,0,3.1,1,1,2
15,53,0,0,149,192,1,1,182,1,3.5,0,0,2
16,32,0,0,122,188,1,0,107,0,1.1,0,3,1
17,51,1,2,130,175,1,0,164,1,0.7,1,2,3
18,31,0,2,141,248,0,0,185,1,0.1,1,0,3
19,53,1,1,106,199,0,1,116,0,1.8,1,1,1
20,73,0,3,115,162,1,1,170,0,2.9,2,3,3
21,59,1,2,159,209,0,1,188,1,2.0,2,2,1
22,67,0,0,101,284,1,0,144,0,2.2,0,2,1
23,31,0,1,100,206,1,0,103,0,4.5,1,0,1
24,50,1,0,147,185,0,1,135,1,1.7,0,3,3
25,62,1,0,111,169,0,1,169,1,2.6,0,3,1
26,41,1,2,168,214,1,0,130,0,3.9,0,1,2
27,51,0,1,136,157,1,1,118,1,2.0,0,3,3
28,73,1,3,131,293,1,1,160,0,3.1,1,3,3
29,54,0,3,108,291,0,0,153,0,4.3,0,0,3
30,78,0,2,118,264,1,1,138,0,4.7,1,3,3
31,56,1,2,147,292,1,0,190,1,0.7,1,2,2
32,71,1,1,179,241,1,0,173,1,4.6,2,0,3
33,57,0,3,102,247,0,0,189,1,2.5,1,0,3
34,45,0,3,119,215,1,0,118,1,1.3,2,1,1
35,44,1,3,123,181,1,0,138,1,2.3,1,3,3
36,76,1,0,153,235,0,0,166,0,4.9,1,1,2
37,73,1,3,132,200,1,0,144,0,2.5,1,2,2
38,32,0,0,123,212,1,1,112,0,1.6,2,0,2
39,66,0,1,174,274,0,0,191,0,3.2,2,0,2
40,36,0,0,171,299,1,0,157,1,1.2,0,0,3
41,50,0,1,135,207,0,1,119,0,0.4,2,2,3
42,38,0,3,137,207,0,1,191,1,0.6,2,2,2
43,68,0,3,124,235,1,1,171,0,0.6,2,1,2
44,47,1,1,117,198,1,0,160,1,0.8,2,1,3
45,33,0,2,165,219,1,1,138,1,0.7,0,1,2
46,54,0,1,153,164,1,0,100,0,3.2,2,3,1
47,43,0,2,134,203,0,0,102,0,0.9,1,0,2
48,79,1,0,179,250,1,0,176,0,1.7,1,0,2
49,38,0,0,160,157,0,0,191,0,4.5,2,1,1
50,55,0,0,140,202,1,1,161,1,2.4,2,0,1
51,31,1,3,132,209,1,1,162,0,3.3,1,1,3
52,49,0,0,167,257,1,0,124,0,0.9,1,3,3
53,57,0,2,132,154,0,0,155,1,1.0,0,3,1
54,76,0,0,113,252,1,0,132,0,0.2,1,2,1
55,36,0,1,120,155,1,1,137,0,0.8,1,3,3
56,73,0,1,147,258,1,0,105,0,1.4,2,1,2
57,37,1,3,119,265,1,0,157,0,0.9,1,3,1
58,76,1,1,107,243,0,1,143,0,0.4,0,2,3
59,64,1,2,106,196,1,1,144,1,0.6,1,0,2
60,43,0,0,166,248,0,0,131,0,2.3,2,1,1
61,46,0,3,116,204,0,1,144,0,1.0,2,0,2
62,65,0,0,132,201,0,1,160,0,1.8,1,2,3
63,79,1,0,147,293,0,0,146,0,2.5,2,2,1
64,69,0,2,175,162,0,1,120,0,3.5,0,2,2
65,33,0,1,158,263,0,0,179,1,0.2,0,0,1
66,31,1,1,121,273,1,1,184,0,4.0,1,0,2
67,35,0,0,129,255,0,0,174,1,3.1,1,0,3
68,71,1,3,137,296,0,0,135,1,0.4,1,0,3
69,33,1,1,150,294,0,0,198,0,4.4,2,2,1
70,58,1,3,153,269,1,1,118,0,4.6,0,2,2
71,47,0,1,107,212,1,0,119,0,0.3,0,1,1
72,55,0,3,126,168,0,1,156,0,1.4,2,1,1
73,73,0,2,126,241,1,0,117,1,4.0,0,0,2
74,63,0,3,120,207,0,0,146,0,3.7,1,3,2
75,39,0,2,129,239,0,1,148,0,0.9,1,3,2
76,65,0,2,127,266,1,0,113,0,1.0,1,2,3
77,43,0,3,163,211,0,0,114,0,1.9,0,2,1
78,60,1,2,168,172,1,1,130,0,2.4,1,2,1
79,77,0,0,160,276,1,0,100,0,3.1,2,1,3
80,44,1,2,147,286,0,0,153,1,1.8,2,1,2
81,37,0,1,118,289,0,0,102,1,2.3,0,2,3
82,43,0,3,103,278,1,0,115,0,3.7,2,2,3
83,52,0,0,134,207,0,1,186,0,0.2,2,2,3
84,69,1,3,163,271,0,1,156,0,1.3,0,3,1
85,50,1,1,148,150,0,0,174,1,3.6,1,1,3
86,45,1,1,116,183,1,1,111,0,4.5,1,3,1
87,74,1,1,143,245,1,0,173,1,2.6,1,3,1
88,47,0,2,129,275,0,1,195,0,2.7,0,2,1
89,76,1,2,145,267,1,0,115,0,0.5,2,2,2
90,53,0,3,105,197,1,0,171,0,2.2,1,0,1
91,55,0,3,136,238,1,0,175,0,2.7,1,0,1
92,54,1,0,123,266,1,0,123,1,1.2,0,3,2
93,74,1,0,145,278,1,0,127,1,1.3,1,1,1
94,70,1,3,152,165,0,0,107,0,1.9,0,2,3
95,58,1,2,159,218,0,1,191,0,0.1,2,2,3
96,44,1,1,162,171,0,0,135,1,1.6,0,3,1
97,74,1,3,131,242,1,1,189,1,1.1,0,0,2
98,30,1,0,132,225,1,0,107,1,1.6,0,1,3
99,54,1,2,166,293,0,1,157,1,0.6,0,0,2
100,36,0,3,117,235,1,1,159,0,4.5,2,0,2
