sno,age,gender,cp,trestbps,chol,fbs,restecg,thalach,exang,oldpeak,slope,ca,thal,timestamp,prediction,probability
1.0,68.0,0.0,3.0,158.0,174.0,0.0,0.0,116.0,1.0,0.6,0.0,2.0,1.0,2026-09-06T10:50:48.735124,yes,1.0
2.0,58.0,1.0,1.0,135.0,203.0,0.0,0.0,106.0,1.0,3.4,1.0,3.0,1.0,2026-09-06T10:50:49.254881,yes,1.0
3.0,44.0,0.0,2.0,118.0,207.0,1.0,0.0,145.0,1.0,2.6,2.0,1.0,3.0,2026-09-06T10:50:49.773648,yes,1.0
4.0,72.0,1.0,3.0,166.0,216.0,1.0,1.0,112.0,0.0,3.9,0.0,2.0,3.0,2026-09-06T10:50:50.293296,yes,1.0
5.0,37.0,1.0,0.0,118.0,253.0,0.0,1.0,139.0,0.0,2.6,0.0,2.0,1.0,2026-09-06T10:50:50.831422,yes,1.0
6.0,50.0,1.0,2.0,119.0,173.0,0.0,0.0,141.0,1.0,4.3,1.0,1.0,2.0,2026-09-06T10:50:51.363025,yes,1.0
7.0,68.0,0.0,1.0,170.0,263.0,0.0,0.0,108.0,1.0,2.8,2.0,2.0,2.0,2026-09-06T10:50:51.882611,yes,1.0
8.0,48.0,0.0,0.0,151.0,181.0,1.0,0.0,149.0,0.0,2.8,2.0,0.0,2.0,2026-09-06T10:50:52.403288,yes,1.0
9.0,52.0,0.0,0.0,132.0,235.0,1.0,0.0,126.0,1.0,4.4,1.0,0.0,2.0,2026-09-06T10:50:52.925691,yes,1.0
10.0,40.0,0.0,0.0,139.0,276.0,1.0,1.0,165.0,0.0,2.0,1.0,1.0,1.0,2026-09-06T10:50:53.444699,yes,1.0
11.0,40.0,1.0,2.0,138.0,279.0,1.0,1.0,104.0,0.0,0.7,2.0,3.0,3.0,2026-09-06T10:50:53.965800,yes,1.0
12.0,53.0,0.0,1.0,100.0,166.0,0.0,0.0,128.0,0.0,0.1,0.0,3.0,2.0,2026-09-06T10:50:54.488961,yes,1.0
13.0,65.0,0.0,0.0,110.0,253.0,1.0,0.0,136.0,0.0,3.8,2.0,1.0,1.0,2026-09-06T10:50:55.007320,yes,1.0
14.0,69.0,0.0,3.0,156.0,286.0,1.0,1.0,137.0,0.0,3.1,1.0,1.0,2.0,2026-09-06T10:50:55.527711,yes,1.0
15.0,53.0,0.0,0.0,149.0,192.0,1.0,1.0,182.0,1.0,3.5,0.0,0.0,2.0,2026-09-06T10:50:56.049049,yes,1.0
16.0,32.0,0.0,0.0,122.0,188.0,1.0,0.0,107.0,0.0,1.1,0.0,3.0,1.0,2026-09-06T10:50:56.569142,yes,1.0
17.0,51.0,1.0,2.0,130.0,175.0,1.0,0.0,164.0,1.0,0.7,1.0,2.0,3.0,2026-09-06T10:50:57.090157,yes,1.0
18.0,31.0,0.0,2.0,141.0,248.0,0.0,0.0,185.0,1.0,0.1,1.0,0.0,3.0,2026-09-06T10:50:57.609341,yes,1.0
19.0,53.0,1.0,1.0,106.0,199.0,0.0,1.0,116.0,0.0,1.8,1.0,1.0,1.0,2026-09-06T10:50:58.128388,yes,1.0
20.0,73.0,0.0,3.0,115.0,162.0,1.0,1.0,170.0,0.0,2.9,2.0,3.0,3.0,2026-09-06T10:50:58.651371,yes,1.0
21.0,59.0,1.0,2.0,159.0,209.0,0.0,1.0,188.0,1.0,2.0,2.0,2.0,1.0,2026-09-06T10:50:59.170367,yes,1.0
22.0,67.0,0.0,0.0,101.0,284.0,1.0,0.0,144.0,0.0,2.2,0.0,2.0,1.0,2026-09-06T10:50:59.691406,yes,1.0
23.0,31.0,0.0,1.0,100.0,206.0,1.0,0.0,103.0,0.0,4.5,1.0,0.0,1.0,2026-09-06T10:51:00.215221,yes,0.9999999999992795
24.0,50.0,1.0,0.0,147.0,185.0,0.0,1.0,135.0,1.0,1.7,0.0,3.0,3.0,2026-09-06T10:51:00.737894,yes,1.0
25.0,62.0,1.0,0.0,111.0,169.0,0.0,1.0,169.0,1.0,2.6,0.0,3.0,1.0,2026-09-06T10:51:01.259297,yes,1.0
26.0,41.0,1.0,2.0,168.0,214.0,1.0,0.0,130.0,0.0,3.9,0.0,1.0,2.0,2026-09-06T10:51:01.780204,yes,1.0
27.0,51.0,0.0,1.0,136.0,157.0,1.0,1.0,118.0,1.0,2.0,0.0,3.0,3.0,2026-09-06T10:51:02.300348,yes,1.0
28.0,73.0,1.0,3.0,131.0,293.0,1.0,1.0,160.0,0.0,3.1,1.0,3.0,3.0,2026-09-06T10:51:02.820634,yes,1.0
29.0,54.0,0.0,3.0,108.0,291.0,0.0,0.0,153.0,0.0,4.3,0.0,0.0,3.0,2026-09-06T10:51:03.341263,yes,1.0
30.0,78.0,0.0,2.0,118.0,264.0,1.0,1.0,138.0,0.0,4.7,1.0,3.0,3.0,2026-09-06T10:51:03.861353,yes,1.0
31.0,56.0,1.0,2.0,147.0,292.0,1.0,0.0,190.0,1.0,0.7,1.0,2.0,2.0,2026-09-06T10:51:04.383166,yes,1.0
32.0,71.0,1.0,1.0,179.0,241.0,1.0,0.0,173.0,1.0,4.6,2.0,0.0,3.0,2026-09-06T10:51:04.903944,yes,1.0
33.0,57.0,0.0,3.0,102.0,247.0,0.0,0.0,189.0,1.0,2.5,1.0,0.0,3.0,2026-09-06T10:51:05.445325,yes,1.0
34.0,45.0,0.0,3.0,119.0,215.0,1.0,0.0,118.0,1.0,1.3,2.0,1.0,1.0,2026-09-06T10:51:05.966975,yes,1.0
35.0,44.0,1.0,3.0,123.0,181.0,1.0,0.0,138.0,1.0,2.3,1.0,3.0,3.0,2026-09-06T10:51:06.507517,yes,1.0
36.0,76.0,1.0,0.0,153.0,235.0,0.0,0.0,166.0,0.0,4.9,1.0,1.0,2.0,2026-09-06T10:51:07.029740,yes,1.0
37.0,73.0,1.0,3.0,132.0,200.0,1.0,0.0,144.0,0.0,2.5,1.0,2.0,2.0,2026-09-06T10:51:07.550662,yes,1.0
38.0,32.0,0.0,0.0,123.0,212.0,1.0,1.0,112.0,0.0,1.6,2.0,0.0,2.0,2026-09-06T10:51:08.070657,yes,0.9999999999999849
39.0,66.0,0.0,1.0,174.0,274.0,0.0,0.0,191.0,0.0,3.2,2.0,0.0,2.0,2026-09-06T10:51:08.591208,yes,1.0
40.0,36.0,0.0,0.0,171.0,299.0,1.0,0.0,157.0,1.0,1.2,0.0,0.0,3.0,2026-09-06T10:51:09.112287,yes,1.0
41.0,50.0,0.0,1.0,135.0,207.0,0.0,1.0,119.0,0.0,0.4,2.0,2.0,3.0,2026-09-06T10:51:09.633055,yes,1.0
42.0,38.0,0.0,3.0,137.0,207.0,0.0,1.0,191.0,1.0,0.6,2.0,2.0,2.0,2026-09-06T10:51:10.153799,yes,1.0
43.0,68.0,0.0,3.0,124.0,235.0,1.0,1.0,171.0,0.0,0.6,2.0,1.0,2.0,2026-09-06T10:51:10.673670,yes,1.0
44.0,47.0,1.0,1.0,117.0,198.0,1.0,0.0,160.0,1.0,0.8,2.0,1.0,3.0,2026-09-06T10:51:11.212231,yes,1.0
45.0,33.0,0.0,2.0,165.0,219.0,1.0,1.0,138.0,1.0,0.7,0.0,1.0,2.0,2026-09-06T10:51:11.732862,yes,1.0
46.0,54.0,0.0,1.0,153.0,164.0,1.0,0.0,100.0,0.0,3.2,2.0,3.0,1.0,2026-09-06T10:51:12.252113,yes,0.9999999999999998
47.0,43.0,0.0,2.0,134.0,203.0,0.0,0.0,102.0,0.0,0.9,1.0,0.0,2.0,2026-09-06T10:51:12.789144,yes,0.9999999999999893
48.0,79.0,1.0,0.0,179.0,250.0,1.0,0.0,176.0,0.0,1.7,1.0,0.0,2.0,2026-09-06T10:51:13.308137,yes,1.0
49.0,38.0,0.0,0.0,160.0,157.0,0.0,0.0,191.0,0.0,4.5,2.0,1.0,1.0,2026-09-06T10:51:13.830261,yes,1.0
50.0,55.0,0.0,0.0,140.0,202.0,1.0,1.0,161.0,1.0,2.4,2.0,0.0,1.0,2026-09-06T10:51:14.351167,yes,1.0
51.0,31.0,1.0,3.0,132.0,209.0,1.0,1.0,162.0,0.0,3.3,1.0,1.0,3.0,2026-09-06T10:51:14.871443,yes,1.0
52.0,49.0,0.0,0.0,167.0,257.0,1.0,0.0,124.0,0.0,0.9,1.0,3.0,3.0,2026-09-06T10:51:15.396357,yes,1.0
53.0,57.0,0.0,2.0,132.0,154.0,0.0,0.0,155.0,1.0,1.0,0.0,3.0,1.0,2026-09-06T10:51:15.918430,yes,1.0
54.0,76.0,0.0,0.0,113.0,252.0,1.0,0.0,132.0,0.0,0.2,1.0,2.0,1.0,2026-09-06T10:51:16.441493,yes,1.0
55.0,36.0,0.0,1.0,120.0,155.0,1.0,1.0,137.0,0.0,0.8,1.0,3.0,3.0,2026-09-06T10:51:16.961035,yes,0.9999999999999931
56.0,73.0,0.0,1.0,147.0,258.0,1.0,0.0,105.0,0.0,1.4,2.0,1.0,2.0,2026-09-06T10:51:17.481904,yes,1.0
57.0,37.0,1.0,3.0,119.0,265.0,1.0,0.0,157.0,0.0,0.9,1.0,3.0,1.0,2026-09-06T10:51:18.005987,yes,0.9999999999999962
58.0,76.0,1.0,1.0,107.0,243.0,0.0,1.0,143.0,0.0,0.4,0.0,2.0,3.0,2026-09-06T10:51:18.527337,yes,1.0
59.0,64.0,1.0,2.0,106.0,196.0,1.0,1.0,144.0,1.0,0.6,1.0,0.0,2.0,2026-09-06T10:51:19.050899,yes,1.0
60.0,43.0,0.0,0.0,166.0,248.0,0.0,0.0,131.0,0.0,2.3,2.0,1.0,1.0,2026-09-06T10:51:19.574688,yes,0.9999999999999996
61.0,46.0,0.0,3.0,116.0,204.0,0.0,1.0,144.0,0.0,1.0,2.0,0.0,2.0,2026-09-06T10:51:20.097455,yes,0.9999999999999982
62.0,65.0,0.0,0.0,132.0,201.0,0.0,1.0,160.0,0.0,1.8,1.0,2.0,3.0,2026-09-06T10:51:20.620239,yes,1.0
63.0,79.0,1.0,0.0,147.0,293.0,0.0,0.0,146.0,0.0,2.5,2.0,2.0,1.0,2026-09-06T10:51:21.143842,yes,1.0
64.0,69.0,0.0,2.0,175.0,162.0,0.0,1.0,120.0,0.0,3.5,0.0,2.0,2.0,2026-09-06T10:51:21.664978,yes,1.0
65.0,33.0,0.0,1.0,158.0,263.0,0.0,0.0,179.0,1.0,0.2,0.0,0.0,1.0,2026-09-06T10:51:22.182212,yes,1.0
66.0,31.0,1.0,1.0,121.0,273.0,1.0,1.0,184.0,0.0,4.0,1.0,0.0,2.0,2026-09-06T10:51:22.703238,yes,0.9999999999999571
67.0,35.0,0.0,0.0,129.0,255.0,0.0,0.0,174.0,1.0,3.1,1.0,0.0,3.0,2026-09-06T10:51:23.225943,yes,0.9999999999999778
68.0,71.0,1.0,3.0,137.0,296.0,0.0,0.0,135.0,1.0,0.4,1.0,0.0,3.0,2026-09-06T10:51:23.744137,yes,1.0
69.0,33.0,1.0,1.0,150.0,294.0,0.0,0.0,198.0,0.0,4.4,2.0,2.0,1.0,2026-09-06T10:51:24.263880,yes,0.9999999999999998
70.0,58.0,1.0,3.0,153.0,269.0,1.0,1.0,118.0,0.0,4.6,0.0,2.0,2.0,2026-09-06T10:51:24.783979,yes,0.999999999999658
71.0,47.0,0.0,1.0,107.0,212.0,1.0,0.0,119.0,0.0,0.3,0.0,1.0,1.0,2026-09-06T10:51:25.303961,yes,0.9999999997916207
72.0,55.0,0.0,3.0,126.0,168.0,0.0,1.0,156.0,0.0,1.4,2.0,1.0,1.0,2026-09-06T10:51:25.823342,yes,0.9999999999999998
73.0,73.0,0.0,2.0,126.0,241.0,1.0,0.0,117.0,1.0,4.0,0.0,0.0,2.0,2026-09-06T10:51:26.341766,yes,0.9999999999985996
74.0,63.0,0.0,3.0,120.0,207.0,0.0,0.0,146.0,0.0,3.7,1.0,3.0,2.0,2026-09-06T10:51:26.878850,yes,0.9999999999999412
75.0,39.0,0.0,2.0,129.0,239.0,0.0,1.0,148.0,0.0,0.9,1.0,3.0,2.0,2026-09-06T10:51:27.405276,yes,0.9999999999992879
76.0,65.0,0.0,2.0,127.0,266.0,1.0,0.0,113.0,0.0,1.0,1.0,2.0,3.0,2026-09-06T10:51:27.928966,yes,0.999999999995514
77.0,43.0,0.0,3.0,163.0,211.0,0.0,0.0,114.0,0.0,1.9,0.0,2.0,1.0,2026-09-06T10:51:28.452690,yes,0.9999999999979605
78.0,60.0,1.0,2.0,168.0,172.0,1.0,1.0,130.0,0.0,2.4,1.0,2.0,1.0,2026-09-06T10:51:28.971495,yes,0.9999999999999998
79.0,77.0,0.0,0.0,160.0,276.0,1.0,0.0,100.0,0.0,3.1,2.0,1.0,3.0,2026-09-06T10:51:29.489558,yes,0.9999999999997167
80.0,44.0,1.0,2.0,147.0,286.0,0.0,0.0,153.0,1.0,1.8,2.0,1.0,2.0,2026-09-06T10:51:30.011288,yes,0.9999999999998801
81.0,37.0,0.0,1.0,118.0,289.0,0.0,0.0,102.0,1.0,2.3,0.0,2.0,3.0,2026-09-06T10:51:30.531235,yes,0.9999769712468863
82.0,43.0,0.0,3.0,103.0,278.0,1.0,0.0,115.0,0.0,3.7,2.0,2.0,3.0,2026-09-06T10:51:31.051300,yes,0.9999953460571857
83.0,52.0,0.0,0.0,134.0,207.0,0.0,1.0,186.0,0.0,0.2,2.0,2.0,3.0,2026-09-06T10:51:31.575599,yes,1.0
84.0,69.0,1.0,3.0,163.0,271.0,0.0,1.0,156.0,0.0,1.3,0.0,3.0,1.0,2026-09-06T10:51:32.096162,yes,1.0
85.0,50.0,1.0,1.0,148.0,150.0,0.0,0.0,174.0,1.0,3.6,1.0,1.0,3.0,2026-09-06T10:51:32.632914,yes,0.9999999999999989
86.0,45.0,1.0,1.0,116.0,183.0,1.0,1.0,111.0,0.0,4.5,1.0,3.0,1.0,2026-09-06T10:51:33.151449,yes,0.9999986250892631
87.0,74.0,1.0,1.0,143.0,245.0,1.0,0.0,173.0,1.0,2.6,1.0,3.0,1.0,2026-09-06T10:51:33.670514,yes,1.0
88.0,47.0,0.0,2.0,129.0,275.0,0.0,1.0,195.0,0.0,2.7,0.0,2.0,1.0,2026-09-06T10:51:34.197042,yes,0.9999999999999734
89.0,76.0,1.0,2.0,145.0,267.0,1.0,0.0,115.0,0.0,0.5,2.0,2.0,2.0,2026-09-06T10:51:34.718213,yes,0.9999999999996598
90.0,53.0,0.0,3.0,105.0,197.0,1.0,0.0,171.0,0.0,2.2,1.0,0.0,1.0,2026-09-06T10:51:35.238064,yes,0.9999999999964331
91.0,55.0,0.0,3.0,136.0,238.0,1.0,0.0,175.0,0.0,2.7,1.0,0.0,1.0,2026-09-06T10:51:35.759879,yes,0.9999999999999702
92.0,54.0,1.0,0.0,123.0,266.0,1.0,0.0,123.0,1.0,1.2,0.0,3.0,2.0,2026-09-06T10:51:36.281584,yes,0.9999999612261399
93.0,74.0,1.0,0.0,145.0,278.0,1.0,0.0,127.0,1.0,1.3,1.0,1.0,1.0,2026-09-06T10:51:36.804375,yes,0.9999999999977951
94.0,70.0,1.0,3.0,152.0,165.0,0.0,0.0,107.0,0.0,1.9,0.0,2.0,3.0,2026-09-06T10:51:37.324594,yes,0.9999999999926854
95.0,58.0,1.0,2.0,159.0,218.0,0.0,1.0,191.0,0.0,0.1,2.0,2.0,3.0,2026-09-06T10:51:37.846129,yes,1.0
96.0,44.0,1.0,1.0,162.0,171.0,0.0,0.0,135.0,1.0,1.6,0.0,3.0,1.0,2026-09-06T10:51:38.367472,yes,0.9999999999766733
97.0,74.0,1.0,3.0,131.0,242.0,1.0,1.0,189.0,1.0,1.1,0.0,0.0,2.0,2026-09-06T10:51:38.889518,yes,1.0
98.0,30.0,1.0,0.0,132.0,225.0,1.0,0.0,107.0,1.0,1.6,0.0,1.0,3.0,2026-09-06T10:51:39.412518,yes,0.9996944448385332
99.0,54.0,1.0,2.0,166.0,293.0,0.0,1.0,157.0,1.0,0.6,0.0,0.0,2.0,2026-09-06T10:51:39.932983,yes,0.9999999999999234
100.0,36.0,0.0,3.0,117.0,235.0,1.0,1.0,159.0,0.0,4.5,2.0,0.0,2.0,2026-09-06T10:51:40.479426,yes,0.9999998625939757
